"DESCRIPTION","DURATION IN MS","NAME","PARENT SUITE","START TIME","STATUS","STOP TIME","SUB SUITE","SUITE","TEST CLASS","TEST METHOD"
"","3","TC001 - Simple arithmetic validation","chromium","2025-12-19","passed","2025-12-19","Dummy Test Suite - Basic Functionality","dummy/dummy.spec.ts","",""
"","7","TC004 - Object validation test","chromium","2025-12-19","passed","2025-12-19","Dummy Test Suite - Basic Functionality","dummy/dummy.spec.ts","",""
"","9","TC006 - Null and undefined handling","chromium","2025-12-19","passed","2025-12-19","Dummy Test Suite - Edge Cases","dummy/dummy.spec.ts","",""
"","5","TC003 - Array operations test","chromium","2025-12-19","passed","2025-12-19","Dummy Test Suite - Basic Functionality","dummy/dummy.spec.ts","",""
"","4","TC012 - Large data set handling","chromium","2025-12-19","passed","2025-12-19","Dummy Test Suite - Performance","dummy/dummy.spec.ts","",""
"","5","TC008 - Date and time validation","chromium","2025-12-19","passed","2025-12-19","Dummy Test Suite - Edge Cases","dummy/dummy.spec.ts","",""
"","3","TC007 - Boolean logic test","chromium","2025-12-19","passed","2025-12-19","Dummy Test Suite - Edge Cases","dummy/dummy.spec.ts","",""
"","105","TC005 - Async operation simulation","chromium","2025-12-19","passed","2025-12-19","Dummy Test Suite - Basic Functionality","dummy/dummy.spec.ts","",""
"","2","TC009 - Error handling test","chromium","2025-12-19","passed","2025-12-19","Dummy Test Suite - Edge Cases","dummy/dummy.spec.ts","",""
"","53","TC011 - Execution time validation","chromium","2025-12-19","passed","2025-12-19","Dummy Test Suite - Performance","dummy/dummy.spec.ts","",""
"","4","TC002 - String manipulation test","chromium","2025-12-19","passed","2025-12-19","Dummy Test Suite - Basic Functionality","dummy/dummy.spec.ts","",""
"","1","TC010 - Regular expression test","chromium","2025-12-19","passed","2025-12-19","Dummy Test Suite - Edge Cases","dummy/dummy.spec.ts","",""
